ps seed,performance mean,ci lower,ci upper,performance_mean_sum
21,-0.359339645,-0.4164390829063905,-0.3022402070936095,-95.1606742
2,-0.37150275,-0.4283779790777967,-0.3146275209222033,-101.8369941
7,-0.41974103500000004,-0.5110553236707348,-0.3284267463292653,-115.22267020000001
9,-0.40681850499999994,-0.47132555306862844,-0.34231145693137144,-115.4823825
19,-0.46165335,-0.5532419504165237,-0.37006474958347635,-116.91556179999998
16,-0.501948645,-0.5930018724146435,-0.4108954175853565,-135.70495870000002
11,-0.49201286499999997,-0.5762455422603951,-0.4077801877396048,-144.4924626
18,-0.49883629499999993,-0.5959097819791543,-0.4017628080208455,-148.7902967
17,-0.5397999149999999,-0.6287782972899968,-0.450821532710003,-152.54730360000002
13,-0.597162065,-0.7072810027275764,-0.48704312727242355,-170.91262319999998
29,-0.63316627,-0.7546236988288879,-0.5117088411711121,-195.5965036
3,-0.601196935,-0.7190269809495111,-0.483366889050489,-213.9282021
35,-0.686800425,-0.8588970613729484,-0.5147037886270517,-230.16269880000002
14,-0.485823145,-0.5704620286884459,-0.4011842613115542,-233.41488660000002
10,-0.579936775,-0.7008049448330502,-0.45906860516694975,-234.29792630000003
6,-0.53655516,-0.6288305045367604,-0.44427981546323964,-242.7344711
0,-1.5721697749999999,-4.072595537394346,0.9282559873943463,-331.0193948
26,-1.4376363349999999,-3.2611988361808004,0.3859261661808009,-342.5168378
5,-1.7971278899999998,-3.924940369170816,0.3306845891708161,-438.2410344
1,-2.36975972,-4.503701745778651,-0.23581769422134924,-590.6028446
15,-1.2501888099999998,-2.849085749943363,0.3487081299433632,-1041.0380988
38,-3.91013442,-7.067200746684787,-0.7530680933152127,-1075.3568235
36,-4.55988356,-8.252331381782605,-0.8674357382173952,-1202.3691986
23,-5.684063415000001,-8.751543312571247,-2.616583517428754,-1342.1267947000001
27,-7.123644779999999,-10.644176668447438,-3.603112891552561,-1531.2507931
8,-9.756014564999997,-18.53879849963738,-0.9732306303626146,-1750.1604132000002
31,-9.021430755,-11.650567332350178,-6.392294177649823,-1872.5367503
20,-10.051347027777776,-13.108840861865957,-6.993853193689596,-2016.5717807777778
4,-9.429851645000001,-11.382649687656215,-7.477053602343786,-2053.3951493
24,-10.54666424,-12.495338665622624,-8.597989814377376,-2194.6527183
