ps seed,performance mean,ci lower,ci upper,performance_mean_sum
73,3272.3390410248758,1824.8120362043428,4719.866045845409,657740.147246
81,1412.963919144776,966.0432485846654,1859.8845897048864,284005.74774809997
82,1199.897131077612,930.73310883545,1469.061153319774,241179.3233466
69,914.1604748144279,842.32088799067,986.0000616381857,183746.2554377
83,896.1566496298507,812.5344189966116,979.7788802630897,180127.4865756
